scenario,n_old,seed,repeat,features,shrink,touch,q_touch,edges_updated,edges_total,delta_error,weight_error,symmetry_error,batch_delta_error,batch_weight_error,correctness_pass,inc_delta_ms,inc_bookkeeping_ms,inc_w_ms,inc_total_ms,batch_bookkeeping_ms,batch_delta_ms,batch_w_ms,batch_total_ms,input_payload_bytes
ring_control,256,0,0,16,0,2,4,3,257,0.0,1.1102230246251565e-16,0.0,3.552713678800501e-15,1.6653345369377348e-16,True,0.025625,0.069833,0.023167,0.118625,0.070375,0.197709,0.166583,0.434667,40452
ring_control,256,0,1,16,0,2,4,3,257,0.0,1.1102230246251565e-16,0.0,3.552713678800501e-15,1.6653345369377348e-16,True,0.032,0.097417,0.074583,0.204,0.098375,0.207375,0.174666,0.480416,40452
ring_control,256,0,2,16,0,2,4,3,257,0.0,1.1102230246251565e-16,0.0,3.552713678800501e-15,1.6653345369377348e-16,True,0.036125,0.085084,0.021458,0.142667,0.066208,0.356875,0.197042,0.620125,40452
ring_control,256,0,3,16,0,2,4,3,257,0.0,1.1102230246251565e-16,0.0,3.552713678800501e-15,1.6653345369377348e-16,True,0.027709,0.066458,0.021583,0.11575,0.1045,0.212667,0.162541,0.479708,40452
ring_control,256,0,4,16,0,2,4,3,257,0.0,1.1102230246251565e-16,0.0,3.552713678800501e-15,1.6653345369377348e-16,True,0.026792,0.06475,0.019417,0.110959,0.061792,0.174583,0.145459,0.381834,40452
ring_enemy,256,0,0,16,128,129,258,130,257,0.0,0.0,0.0,1.7763568394002505e-15,1.6653345369377348e-16,True,0.02125,0.058375,0.741291,0.820916,0.06125,0.162125,0.137083,0.360458,40452
ring_enemy,256,0,1,16,128,129,258,130,257,0.0,0.0,0.0,1.7763568394002505e-15,1.6653345369377348e-16,True,0.020833,0.055458,0.800542,0.876833,0.072708,0.178125,0.145667,0.3965,40452
ring_enemy,256,0,2,16,128,129,258,130,257,0.0,0.0,0.0,1.7763568394002505e-15,1.6653345369377348e-16,True,0.023125,0.060625,0.780083,0.863833,0.06725,0.164209,0.142166,0.373625,40452
ring_enemy,256,0,3,16,128,129,258,130,257,0.0,0.0,0.0,1.7763568394002505e-15,1.6653345369377348e-16,True,0.020625,0.063292,0.861833,0.94575,0.063875,0.164667,0.137292,0.365834,40452
ring_enemy,256,0,4,16,128,129,258,130,257,0.0,0.0,0.0,1.7763568394002505e-15,1.6653345369377348e-16,True,0.022791,0.059875,0.794625,0.877291,0.066209,0.186416,0.1335,0.386125,40452
star_leaf,256,0,0,16,0,2,3,2,256,0.0,1.1102230246251565e-16,0.0,3.552713678800501e-15,2.220446049250313e-16,True,0.020833,0.116208,0.0165,0.153541,0.067417,0.186666,0.139042,0.393125,40442
star_leaf,256,0,1,16,0,2,3,2,256,0.0,1.1102230246251565e-16,0.0,3.552713678800501e-15,2.220446049250313e-16,True,0.020541,0.057042,0.014917,0.0925,0.073125,0.170625,0.1635,0.40725,40442
star_leaf,256,0,2,16,0,2,3,2,256,0.0,1.1102230246251565e-16,0.0,3.552713678800501e-15,2.220446049250313e-16,True,0.029875,0.085541,0.018417,0.133833,0.062916,0.194917,0.139583,0.397416,40442
star_leaf,256,0,3,16,0,2,3,2,256,0.0,1.1102230246251565e-16,0.0,3.552713678800501e-15,2.220446049250313e-16,True,0.020167,0.058666,0.015917,0.09475,0.072625,0.171,0.159834,0.403459,40442
star_leaf,256,0,4,16,0,2,3,2,256,0.0,1.1102230246251565e-16,0.0,3.552713678800501e-15,2.220446049250313e-16,True,0.020208,0.060209,0.014833,0.09525,0.064834,0.190208,0.13275,0.387792,40442
star_hub,256,0,0,16,0,2,257,256,256,0.0,0.0,0.0,3.552713678800501e-15,2.220446049250313e-16,True,0.018291,0.057834,0.666291,0.742416,0.066708,0.163,0.165917,0.395625,40442
star_hub,256,0,1,16,0,2,257,256,256,0.0,0.0,0.0,3.552713678800501e-15,2.220446049250313e-16,True,0.023042,0.058375,0.634167,0.715584,0.08,0.177916,0.14,0.397916,40442
star_hub,256,0,2,16,0,2,257,256,256,0.0,0.0,0.0,3.552713678800501e-15,2.220446049250313e-16,True,0.019916,0.059917,0.654375,0.734208,0.078792,0.168208,0.138334,0.385334,40442
star_hub,256,0,3,16,0,2,257,256,256,0.0,0.0,0.0,3.552713678800501e-15,2.220446049250313e-16,True,0.024708,0.061167,0.651791,0.737666,0.088959,0.180125,0.151541,0.420625,40442
star_hub,256,0,4,16,0,2,257,256,256,0.0,0.0,0.0,3.552713678800501e-15,2.220446049250313e-16,True,0.028625,0.075958,0.664959,0.769542,0.074666,0.18325,0.16825,0.426166,40442
ring_control,256,1,0,16,0,2,4,3,257,0.0,1.1102230246251565e-16,0.0,3.552713678800501e-15,1.1102230246251565e-16,True,0.018833,0.057084,0.0175,0.093417,0.062791,0.158834,0.132083,0.353708,40452
ring_control,256,1,1,16,0,2,4,3,257,0.0,1.1102230246251565e-16,0.0,3.552713678800501e-15,1.1102230246251565e-16,True,0.023875,0.068833,0.018834,0.111542,0.06225,0.166375,0.143625,0.37225,40452
ring_control,256,1,2,16,0,2,4,3,257,0.0,1.1102230246251565e-16,0.0,3.552713678800501e-15,1.1102230246251565e-16,True,0.0195,0.057333,0.017959,0.094792,0.066333,0.16125,0.137667,0.36525,40452
ring_control,256,1,3,16,0,2,4,3,257,0.0,1.1102230246251565e-16,0.0,3.552713678800501e-15,1.1102230246251565e-16,True,0.034375,0.059958,0.016667,0.111,0.058625,0.16325,0.134291,0.356166,40452
ring_control,256,1,4,16,0,2,4,3,257,0.0,1.1102230246251565e-16,0.0,3.552713678800501e-15,1.1102230246251565e-16,True,0.023667,0.070042,0.021666,0.115375,0.077792,0.1685,0.150125,0.396417,40452
ring_enemy,256,1,0,16,128,129,258,130,257,0.0,0.0,0.0,3.552713678800501e-15,1.1102230246251565e-16,True,0.021209,0.055916,0.761334,0.838459,0.062542,0.159875,0.140208,0.362625,40452
ring_enemy,256,1,1,16,128,129,258,130,257,0.0,0.0,0.0,3.552713678800501e-15,1.1102230246251565e-16,True,0.022667,0.065958,0.759584,0.848209,0.067208,0.179625,0.142042,0.388875,40452
ring_enemy,256,1,2,16,128,129,258,130,257,0.0,0.0,0.0,3.552713678800501e-15,1.1102230246251565e-16,True,0.024333,0.058542,0.788875,0.87175,0.078625,0.169333,0.141917,0.389875,40452
ring_enemy,256,1,3,16,128,129,258,130,257,0.0,0.0,0.0,3.552713678800501e-15,1.1102230246251565e-16,True,0.025083,0.066625,0.782084,0.873792,0.062333,0.1695,0.137625,0.369458,40452
ring_enemy,256,1,4,16,128,129,258,130,257,0.0,0.0,0.0,3.552713678800501e-15,1.1102230246251565e-16,True,0.021709,0.056833,0.791167,0.869709,0.067834,0.178708,0.141958,0.3885,40452
star_leaf,256,1,0,16,0,2,3,2,256,0.0,1.1102230246251565e-16,0.0,3.552713678800501e-15,1.1102230246251565e-16,True,0.01825,0.059292,0.015917,0.093459,0.0605,0.156041,0.126375,0.342916,40442
star_leaf,256,1,1,16,0,2,3,2,256,0.0,1.1102230246251565e-16,0.0,3.552713678800501e-15,1.1102230246251565e-16,True,0.021209,0.061375,0.014625,0.097209,0.060709,0.161333,0.128208,0.35025,40442
star_leaf,256,1,2,16,0,2,3,2,256,0.0,1.1102230246251565e-16,0.0,3.552713678800501e-15,1.1102230246251565e-16,True,0.023125,0.057541,0.014417,0.095083,0.091208,0.197,0.132167,0.420375,40442
star_leaf,256,1,3,16,0,2,3,2,256,0.0,1.1102230246251565e-16,0.0,3.552713678800501e-15,1.1102230246251565e-16,True,0.019167,0.058208,0.013958,0.091333,0.05875,0.160666,0.128542,0.347958,40442
star_leaf,256,1,4,16,0,2,3,2,256,0.0,1.1102230246251565e-16,0.0,3.552713678800501e-15,1.1102230246251565e-16,True,0.0185,0.056458,0.014083,0.089041,0.068,0.170625,0.141416,0.380041,40442
star_hub,256,1,0,16,0,2,257,256,256,0.0,0.0,0.0,3.552713678800501e-15,1.1102230246251565e-16,True,0.019292,0.107625,0.658958,0.785875,0.06275,0.159958,0.132667,0.355375,40442
star_hub,256,1,1,16,0,2,257,256,256,0.0,0.0,0.0,3.552713678800501e-15,1.1102230246251565e-16,True,0.022083,0.06175,0.654875,0.738708,0.069459,0.174,0.137583,0.381042,40442
star_hub,256,1,2,16,0,2,257,256,256,0.0,0.0,0.0,3.552713678800501e-15,1.1102230246251565e-16,True,0.018542,0.083667,0.742291,0.8445,0.0725,0.177875,0.143292,0.393667,40442
star_hub,256,1,3,16,0,2,257,256,256,0.0,0.0,0.0,3.552713678800501e-15,1.1102230246251565e-16,True,0.020875,0.060084,0.664125,0.745084,0.070542,0.198708,0.139792,0.409042,40442
star_hub,256,1,4,16,0,2,257,256,256,0.0,0.0,0.0,3.552713678800501e-15,1.1102230246251565e-16,True,0.0205,0.058292,0.637333,0.716125,0.074709,0.172708,0.139458,0.386875,40442
ring_control,256,2,0,16,0,2,4,3,257,0.0,1.1102230246251565e-16,0.0,1.7763568394002505e-15,1.1102230246251565e-16,True,0.017917,0.056792,0.016708,0.091417,0.060083,0.157292,0.137,0.354375,40452
ring_control,256,2,1,16,0,2,4,3,257,0.0,1.1102230246251565e-16,0.0,1.7763568394002505e-15,1.1102230246251565e-16,True,0.020666,0.058584,0.017583,0.096833,0.075125,0.160166,0.135542,0.370833,40452
ring_control,256,2,2,16,0,2,4,3,257,0.0,1.1102230246251565e-16,0.0,1.7763568394002505e-15,1.1102230246251565e-16,True,0.0225,0.068791,0.019125,0.110416,0.068167,0.195708,0.172542,0.436417,40452
ring_control,256,2,3,16,0,2,4,3,257,0.0,1.1102230246251565e-16,0.0,1.7763568394002505e-15,1.1102230246251565e-16,True,0.033458,0.081167,0.0255,0.140125,0.123042,0.201292,0.174083,0.498417,40452
ring_control,256,2,4,16,0,2,4,3,257,0.0,1.1102230246251565e-16,0.0,1.7763568394002505e-15,1.1102230246251565e-16,True,0.033125,0.077625,0.021666,0.132416,0.070375,0.206167,0.164833,0.441375,40452
ring_enemy,256,2,0,16,128,129,258,130,257,0.0,0.0,0.0,1.7763568394002505e-15,1.6653345369377348e-16,True,0.038958,0.073209,0.755,0.867167,0.065458,0.171958,0.13925,0.376666,40452
ring_enemy,256,2,1,16,128,129,258,130,257,0.0,0.0,0.0,1.7763568394002505e-15,1.6653345369377348e-16,True,0.022333,0.058167,0.898958,0.979458,0.074208,0.161792,0.13875,0.37475,40452
ring_enemy,256,2,2,16,128,129,258,130,257,0.0,0.0,0.0,1.7763568394002505e-15,1.6653345369377348e-16,True,0.036042,0.079083,0.7845,0.899625,0.071875,0.187916,0.1535,0.413291,40452
ring_enemy,256,2,3,16,128,129,258,130,257,0.0,0.0,0.0,1.7763568394002505e-15,1.6653345369377348e-16,True,0.031959,0.068041,0.829792,0.929792,0.095792,0.204,0.167458,0.46725,40452
ring_enemy,256,2,4,16,128,129,258,130,257,0.0,0.0,0.0,1.7763568394002505e-15,1.6653345369377348e-16,True,0.027958,0.0655,0.751042,0.8445,0.069958,0.181083,0.138084,0.389125,40452
star_leaf,256,2,0,16,0,2,3,2,256,0.0,1.1102230246251565e-16,0.0,1.7763568394002505e-15,1.1102230246251565e-16,True,0.029542,0.065708,0.021084,0.116334,0.06325,0.160333,0.135542,0.359125,40442
star_leaf,256,2,1,16,0,2,3,2,256,0.0,1.1102230246251565e-16,0.0,1.7763568394002505e-15,1.1102230246251565e-16,True,0.021792,0.059833,0.016375,0.098,0.078833,0.173167,0.141833,0.393833,40442
star_leaf,256,2,2,16,0,2,3,2,256,0.0,1.1102230246251565e-16,0.0,1.7763568394002505e-15,1.1102230246251565e-16,True,0.022375,0.062625,0.015292,0.100292,0.06025,0.167292,0.143292,0.370834,40442
star_leaf,256,2,3,16,0,2,3,2,256,0.0,1.1102230246251565e-16,0.0,1.7763568394002505e-15,1.1102230246251565e-16,True,0.020375,0.063667,0.016,0.100042,0.066291,0.160875,0.140459,0.367625,40442
star_leaf,256,2,4,16,0,2,3,2,256,0.0,1.1102230246251565e-16,0.0,1.7763568394002505e-15,1.1102230246251565e-16,True,0.0285,0.064167,0.017042,0.109709,0.0595,0.212542,0.14975,0.421792,40442
star_hub,256,2,0,16,0,2,257,256,256,0.0,0.0,0.0,1.7763568394002505e-15,1.1102230246251565e-16,True,0.020083,0.068084,0.752291,0.840458,0.072042,0.196625,0.137042,0.405709,40442
star_hub,256,2,1,16,0,2,257,256,256,0.0,0.0,0.0,1.7763568394002505e-15,1.1102230246251565e-16,True,0.021167,0.059125,0.660625,0.740917,0.068084,0.17475,0.134791,0.377625,40442
star_hub,256,2,2,16,0,2,257,256,256,0.0,0.0,0.0,1.7763568394002505e-15,1.1102230246251565e-16,True,0.028375,0.081458,0.73525,0.845083,0.0655,0.207625,0.144417,0.417542,40442
star_hub,256,2,3,16,0,2,257,256,256,0.0,0.0,0.0,1.7763568394002505e-15,1.1102230246251565e-16,True,0.020667,0.058291,0.757709,0.836667,0.080875,0.165375,0.136042,0.382292,40442
star_hub,256,2,4,16,0,2,257,256,256,0.0,0.0,0.0,1.7763568394002505e-15,1.1102230246251565e-16,True,0.024083,0.070792,0.694583,0.789458,0.069791,0.177542,0.136167,0.3835,40442
ring_control,256,3,0,16,0,2,4,3,257,0.0,1.1102230246251565e-16,0.0,3.552713678800501e-15,1.1102230246251565e-16,True,0.01975,0.059416,0.018542,0.097708,0.067584,0.164125,0.144208,0.375917,40452
ring_control,256,3,1,16,0,2,4,3,257,0.0,1.1102230246251565e-16,0.0,3.552713678800501e-15,1.1102230246251565e-16,True,0.023,0.06175,0.017583,0.102333,0.059792,0.175916,0.137875,0.373583,40452
ring_control,256,3,2,16,0,2,4,3,257,0.0,1.1102230246251565e-16,0.0,3.552713678800501e-15,1.1102230246251565e-16,True,0.021542,0.057875,0.017667,0.097084,0.068917,0.1695,0.146708,0.385125,40452
ring_control,256,3,3,16,0,2,4,3,257,0.0,1.1102230246251565e-16,0.0,3.552713678800501e-15,1.1102230246251565e-16,True,0.0265,0.074042,0.022541,0.123083,0.066166,0.181,0.148875,0.396041,40452
ring_control,256,3,4,16,0,2,4,3,257,0.0,1.1102230246251565e-16,0.0,3.552713678800501e-15,1.1102230246251565e-16,True,0.019625,0.058333,0.018084,0.096042,0.068458,0.163,0.140208,0.371666,40452
ring_enemy,256,3,0,16,128,129,258,130,257,0.0,0.0,0.0,1.7763568394002505e-15,2.220446049250313e-16,True,0.020958,0.064125,0.862667,0.94775,0.076,0.166917,0.147333,0.39025,40452
ring_enemy,256,3,1,16,128,129,258,130,257,0.0,0.0,0.0,1.7763568394002505e-15,2.220446049250313e-16,True,0.0355,0.084792,0.849292,0.969584,0.064625,0.183792,0.148208,0.396625,40452
ring_enemy,256,3,2,16,128,129,258,130,257,0.0,0.0,0.0,1.7763568394002505e-15,2.220446049250313e-16,True,0.021625,0.057583,0.759084,0.838292,0.067375,0.160166,0.138667,0.366208,40452
ring_enemy,256,3,3,16,128,129,258,130,257,0.0,0.0,0.0,1.7763568394002505e-15,2.220446049250313e-16,True,0.055125,0.074209,0.826958,0.956292,0.061792,0.177541,0.13825,0.377583,40452
ring_enemy,256,3,4,16,128,129,258,130,257,0.0,0.0,0.0,1.7763568394002505e-15,2.220446049250313e-16,True,0.025083,0.060542,0.785916,0.871541,0.112667,0.19975,0.152542,0.464959,40452
star_leaf,256,3,0,16,0,2,3,2,256,0.0,1.1102230246251565e-16,0.0,3.552713678800501e-15,2.220446049250313e-16,True,0.017917,0.056125,0.014167,0.088209,0.059083,0.157625,0.129125,0.345833,40442
star_leaf,256,3,1,16,0,2,3,2,256,0.0,1.1102230246251565e-16,0.0,3.552713678800501e-15,2.220446049250313e-16,True,0.019791,0.059959,0.014083,0.093833,0.06,0.174625,0.151041,0.385666,40442
star_leaf,256,3,2,16,0,2,3,2,256,0.0,1.1102230246251565e-16,0.0,3.552713678800501e-15,2.220446049250313e-16,True,0.023125,0.063291,0.01675,0.103166,0.076542,0.176625,0.136583,0.38975,40442
star_leaf,256,3,3,16,0,2,3,2,256,0.0,1.1102230246251565e-16,0.0,3.552713678800501e-15,2.220446049250313e-16,True,0.024292,0.086291,0.014792,0.125375,0.060333,0.165583,0.158917,0.384833,40442
star_leaf,256,3,4,16,0,2,3,2,256,0.0,1.1102230246251565e-16,0.0,3.552713678800501e-15,2.220446049250313e-16,True,0.019375,0.055625,0.014292,0.089292,0.084791,0.16475,0.13375,0.383291,40442
star_hub,256,3,0,16,0,2,257,256,256,0.0,0.0,0.0,3.552713678800501e-15,2.220446049250313e-16,True,0.022958,0.061417,0.7655,0.849875,0.075458,0.203959,0.170916,0.450333,40442
star_hub,256,3,1,16,0,2,257,256,256,0.0,0.0,0.0,3.552713678800501e-15,2.220446049250313e-16,True,0.043041,0.1125,0.670917,0.826458,0.074583,0.189,0.164625,0.428208,40442
star_hub,256,3,2,16,0,2,257,256,256,0.0,0.0,0.0,3.552713678800501e-15,2.220446049250313e-16,True,0.021208,0.05825,0.631375,0.710833,0.071,0.170417,0.135292,0.376709,40442
star_hub,256,3,3,16,0,2,257,256,256,0.0,0.0,0.0,3.552713678800501e-15,2.220446049250313e-16,True,0.021584,0.064833,0.62975,0.716167,0.06075,0.182208,0.138292,0.38125,40442
star_hub,256,3,4,16,0,2,257,256,256,0.0,0.0,0.0,3.552713678800501e-15,2.220446049250313e-16,True,0.021458,0.056417,0.677666,0.755541,0.075084,0.173375,0.137,0.385459,40442
ring_control,256,4,0,16,0,2,4,3,257,0.0,1.1102230246251565e-16,0.0,3.552713678800501e-15,1.1102230246251565e-16,True,0.019875,0.058208,0.017792,0.095875,0.061417,0.161708,0.158625,0.38175,40452
ring_control,256,4,1,16,0,2,4,3,257,0.0,1.1102230246251565e-16,0.0,3.552713678800501e-15,1.1102230246251565e-16,True,0.020084,0.067791,0.02025,0.108125,0.078542,0.16975,0.140208,0.3885,40452
ring_control,256,4,2,16,0,2,4,3,257,0.0,1.1102230246251565e-16,0.0,3.552713678800501e-15,1.1102230246251565e-16,True,0.027791,0.080334,0.0175,0.125625,0.060334,0.202041,0.148125,0.4105,40452
ring_control,256,4,3,16,0,2,4,3,257,0.0,1.1102230246251565e-16,0.0,3.552713678800501e-15,1.1102230246251565e-16,True,0.022916,0.066167,0.025833,0.114916,0.092625,0.179334,0.143333,0.415292,40452
ring_control,256,4,4,16,0,2,4,3,257,0.0,1.1102230246251565e-16,0.0,3.552713678800501e-15,1.1102230246251565e-16,True,0.021542,0.0615,0.017292,0.100334,0.059333,0.174959,0.152916,0.387208,40452
ring_enemy,256,4,0,16,128,129,258,130,257,0.0,0.0,0.0,1.7763568394002505e-15,1.6653345369377348e-16,True,0.021583,0.05775,0.77,0.849333,0.061584,0.162625,0.150083,0.374292,40452
ring_enemy,256,4,1,16,128,129,258,130,257,0.0,0.0,0.0,1.7763568394002505e-15,1.6653345369377348e-16,True,0.028125,0.062917,0.771,0.862042,0.088791,0.1815,0.150292,0.420583,40452
ring_enemy,256,4,2,16,128,129,258,130,257,0.0,0.0,0.0,1.7763568394002505e-15,1.6653345369377348e-16,True,0.023458,0.065125,0.847459,0.936042,0.082917,0.178166,0.14075,0.401833,40452
ring_enemy,256,4,3,16,128,129,258,130,257,0.0,0.0,0.0,1.7763568394002505e-15,1.6653345369377348e-16,True,0.022833,0.057209,0.770333,0.850375,0.078625,0.1655,0.137708,0.381833,40452
ring_enemy,256,4,4,16,128,129,258,130,257,0.0,0.0,0.0,1.7763568394002505e-15,1.6653345369377348e-16,True,0.020916,0.060167,0.807875,0.888958,0.06275,0.167791,0.151625,0.382166,40452
star_leaf,256,4,0,16,0,2,3,2,256,0.0,1.1102230246251565e-16,0.0,3.552713678800501e-15,1.1102230246251565e-16,True,0.018,0.056542,0.014208,0.08875,0.058625,0.158667,0.12975,0.347042,40442
star_leaf,256,4,1,16,0,2,3,2,256,0.0,1.1102230246251565e-16,0.0,3.552713678800501e-15,1.1102230246251565e-16,True,0.027208,0.059667,0.021125,0.108,0.080917,0.181291,0.148584,0.410792,40442
star_leaf,256,4,2,16,0,2,3,2,256,0.0,1.1102230246251565e-16,0.0,3.552713678800501e-15,1.1102230246251565e-16,True,0.021167,0.062625,0.01525,0.099042,0.076042,0.167125,0.150166,0.393333,40442
star_leaf,256,4,3,16,0,2,3,2,256,0.0,1.1102230246251565e-16,0.0,3.552713678800501e-15,1.1102230246251565e-16,True,0.023625,0.06475,0.029583,0.117958,0.071959,0.217583,0.165458,0.455,40442
star_leaf,256,4,4,16,0,2,3,2,256,0.0,1.1102230246251565e-16,0.0,3.552713678800501e-15,1.1102230246251565e-16,True,0.023959,0.06825,0.01575,0.107959,0.061792,0.178375,0.131833,0.372,40442
star_hub,256,4,0,16,0,2,257,256,256,0.0,0.0,0.0,3.552713678800501e-15,1.1102230246251565e-16,True,0.018041,0.056042,0.642583,0.716666,0.060959,0.160875,0.137,0.358834,40442
star_hub,256,4,1,16,0,2,257,256,256,0.0,0.0,0.0,3.552713678800501e-15,1.1102230246251565e-16,True,0.017791,0.056667,0.659125,0.733583,0.071542,0.177208,0.129834,0.378584,40442
star_hub,256,4,2,16,0,2,257,256,256,0.0,0.0,0.0,3.552713678800501e-15,1.1102230246251565e-16,True,0.032375,0.095209,0.657,0.784584,0.061458,0.174209,0.129166,0.364833,40442
star_hub,256,4,3,16,0,2,257,256,256,0.0,0.0,0.0,3.552713678800501e-15,1.1102230246251565e-16,True,0.020792,0.056416,0.628917,0.706125,0.06475,0.168417,0.141833,0.375,40442
star_hub,256,4,4,16,0,2,257,256,256,0.0,0.0,0.0,3.552713678800501e-15,1.1102230246251565e-16,True,0.029792,0.065833,0.664209,0.759834,0.073125,0.198,0.137917,0.409042,40442
ring_control,1024,0,0,16,0,2,4,3,1025,0.0,1.1102230246251565e-16,0.0,3.552713678800501e-15,1.1102230246251565e-16,True,0.046875,0.076875,0.031708,0.155458,0.068,2.860417,0.5105,3.438917,161796
ring_control,1024,0,1,16,0,2,4,3,1025,0.0,1.1102230246251565e-16,0.0,3.552713678800501e-15,1.1102230246251565e-16,True,0.052541,0.099417,0.026917,0.178875,0.10825,2.859208,0.546833,3.514291,161796
ring_control,1024,0,2,16,0,2,4,3,1025,0.0,1.1102230246251565e-16,0.0,3.552713678800501e-15,1.1102230246251565e-16,True,0.048,0.0825,0.021583,0.152083,0.083584,2.854208,0.612917,3.550709,161796
ring_control,1024,0,3,16,0,2,4,3,1025,0.0,1.1102230246251565e-16,0.0,3.552713678800501e-15,1.1102230246251565e-16,True,0.063458,0.082667,0.028041,0.174166,0.1095,2.860375,0.540583,3.510458,161796
ring_control,1024,0,4,16,0,2,4,3,1025,0.0,1.1102230246251565e-16,0.0,3.552713678800501e-15,1.1102230246251565e-16,True,0.051875,0.092709,0.024125,0.168709,0.072709,2.777,0.53225,3.381959,161796
ring_enemy,1024,0,0,16,512,513,1026,514,1025,0.0,1.1102230246251565e-16,0.0,3.552713678800501e-15,1.6653345369377348e-16,True,0.053208,0.067625,3.260458,3.381291,0.081583,2.785334,0.506125,3.373042,161796
ring_enemy,1024,0,1,16,512,513,1026,514,1025,0.0,1.1102230246251565e-16,0.0,3.552713678800501e-15,1.6653345369377348e-16,True,0.06775,0.098,3.06525,3.231,0.104292,3.324458,0.590417,4.019167,161796
ring_enemy,1024,0,2,16,512,513,1026,514,1025,0.0,1.1102230246251565e-16,0.0,3.552713678800501e-15,1.6653345369377348e-16,True,0.05875,0.091666,3.316542,3.466958,0.1095,3.031417,0.517125,3.658042,161796
ring_enemy,1024,0,3,16,512,513,1026,514,1025,0.0,1.1102230246251565e-16,0.0,3.552713678800501e-15,1.6653345369377348e-16,True,0.076208,0.109917,3.118833,3.304958,0.135,2.876167,0.675333,3.6865,161796
ring_enemy,1024,0,4,16,512,513,1026,514,1025,0.0,1.1102230246251565e-16,0.0,3.552713678800501e-15,1.6653345369377348e-16,True,0.060292,0.089791,3.149209,3.299292,0.07725,2.827875,0.58275,3.487875,161796
star_leaf,1024,0,0,16,0,2,3,2,1024,0.0,1.1102230246251565e-16,0.0,3.552713678800501e-15,2.220446049250313e-16,True,0.055,0.082167,0.018166,0.155333,0.068792,2.958292,0.507166,3.53425,161786
star_leaf,1024,0,1,16,0,2,3,2,1024,0.0,1.1102230246251565e-16,0.0,3.552713678800501e-15,2.220446049250313e-16,True,0.049584,0.074875,0.020833,0.145292,0.105083,2.785042,0.519541,3.409666,161786
star_leaf,1024,0,2,16,0,2,3,2,1024,0.0,1.1102230246251565e-16,0.0,3.552713678800501e-15,2.220446049250313e-16,True,0.060458,0.091875,0.022208,0.174541,0.076334,2.797625,0.575916,3.449875,161786
star_leaf,1024,0,3,16,0,2,3,2,1024,0.0,1.1102230246251565e-16,0.0,3.552713678800501e-15,2.220446049250313e-16,True,0.05025,0.076458,0.024292,0.151,0.112291,2.904375,0.524542,3.541208,161786
star_leaf,1024,0,4,16,0,2,3,2,1024,0.0,1.1102230246251565e-16,0.0,3.552713678800501e-15,2.220446049250313e-16,True,0.066125,0.081917,0.018375,0.166417,0.069042,2.726125,0.468,3.263167,161786
star_hub,1024,0,0,16,0,2,1025,1024,1024,0.0,0.0,0.0,3.552713678800501e-15,2.220446049250313e-16,True,0.044917,0.077125,2.642667,2.764709,0.076625,2.755333,0.520417,3.352375,161786
star_hub,1024,0,1,16,0,2,1025,1024,1024,0.0,0.0,0.0,3.552713678800501e-15,2.220446049250313e-16,True,0.055333,0.078417,2.784417,2.918167,0.120208,2.795084,0.557291,3.472583,161786
star_hub,1024,0,2,16,0,2,1025,1024,1024,0.0,0.0,0.0,3.552713678800501e-15,2.220446049250313e-16,True,0.066,0.102875,2.614958,2.783833,0.073875,2.7735,0.5055,3.352875,161786
star_hub,1024,0,3,16,0,2,1025,1024,1024,0.0,0.0,0.0,3.552713678800501e-15,2.220446049250313e-16,True,0.049375,0.0735,2.580625,2.7035,0.0975,3.019584,0.533333,3.650417,161786
star_hub,1024,0,4,16,0,2,1025,1024,1024,0.0,0.0,0.0,3.552713678800501e-15,2.220446049250313e-16,True,0.055875,0.107125,2.5715,2.7345,0.077709,2.983416,0.631959,3.693084,161786
ring_control,1024,1,0,16,0,2,4,3,1025,0.0,1.1102230246251565e-16,0.0,3.552713678800501e-15,1.1102230246251565e-16,True,0.049,0.072291,0.02625,0.147541,0.091208,2.582625,0.511583,3.185416,161796
ring_control,1024,1,1,16,0,2,4,3,1025,0.0,1.1102230246251565e-16,0.0,3.552713678800501e-15,1.1102230246251565e-16,True,0.053042,0.096917,0.02375,0.173709,0.071708,3.018167,0.545958,3.635833,161796
ring_control,1024,1,2,16,0,2,4,3,1025,0.0,1.1102230246251565e-16,0.0,3.552713678800501e-15,1.1102230246251565e-16,True,0.04525,0.068958,0.022917,0.137125,0.103958,2.645042,0.511625,3.260625,161796
ring_control,1024,1,3,16,0,2,4,3,1025,0.0,1.1102230246251565e-16,0.0,3.552713678800501e-15,1.1102230246251565e-16,True,0.052,0.084042,0.020875,0.156917,0.081708,2.85825,0.627792,3.56775,161796
ring_control,1024,1,4,16,0,2,4,3,1025,0.0,1.1102230246251565e-16,0.0,3.552713678800501e-15,1.1102230246251565e-16,True,0.056417,0.092083,0.032833,0.181333,0.161792,3.257167,0.5955,4.014459,161796
ring_enemy,1024,1,0,16,512,513,1026,514,1025,0.0,1.1102230246251565e-16,0.0,3.552713678800501e-15,1.6653345369377348e-16,True,0.074375,0.089083,3.161459,3.324917,0.1015,2.848,0.68325,3.63275,161796
ring_enemy,1024,1,1,16,512,513,1026,514,1025,0.0,1.1102230246251565e-16,0.0,3.552713678800501e-15,1.6653345369377348e-16,True,0.064583,0.081458,3.176125,3.322166,0.076959,3.098708,0.582542,3.758209,161796
ring_enemy,1024,1,2,16,512,513,1026,514,1025,0.0,1.1102230246251565e-16,0.0,3.552713678800501e-15,1.6653345369377348e-16,True,0.054333,0.072334,3.303958,3.430625,0.122958,2.736875,0.493375,3.353208,161796
ring_enemy,1024,1,3,16,512,513,1026,514,1025,0.0,1.1102230246251565e-16,0.0,3.552713678800501e-15,1.6653345369377348e-16,True,0.056459,0.098833,3.059458,3.21475,0.169125,2.681875,0.5345,3.3855,161796
ring_enemy,1024,1,4,16,512,513,1026,514,1025,0.0,1.1102230246251565e-16,0.0,3.552713678800501e-15,1.6653345369377348e-16,True,0.096709,0.130833,3.223042,3.450584,0.1155,3.132959,0.654041,3.9025,161796
star_leaf,1024,1,0,16,0,2,3,2,1024,0.0,1.1102230246251565e-16,0.0,3.552713678800501e-15,2.220446049250313e-16,True,0.063042,0.084208,0.025042,0.172292,0.1185,2.81275,0.622833,3.554083,161786
star_leaf,1024,1,1,16,0,2,3,2,1024,0.0,1.1102230246251565e-16,0.0,3.552713678800501e-15,2.220446049250313e-16,True,0.056458,0.098917,0.024167,0.179542,0.071917,3.154125,0.542583,3.768625,161786
star_leaf,1024,1,2,16,0,2,3,2,1024,0.0,1.1102230246251565e-16,0.0,3.552713678800501e-15,2.220446049250313e-16,True,0.049125,0.073458,0.021833,0.144416,0.12,2.664709,0.515041,3.29975,161786
star_leaf,1024,1,3,16,0,2,3,2,1024,0.0,1.1102230246251565e-16,0.0,3.552713678800501e-15,2.220446049250313e-16,True,0.04525,0.083125,0.018167,0.146542,0.070125,2.754209,0.49725,3.321584,161786
star_leaf,1024,1,4,16,0,2,3,2,1024,0.0,1.1102230246251565e-16,0.0,3.552713678800501e-15,2.220446049250313e-16,True,0.049166,0.075667,0.021625,0.146458,0.145958,2.85925,0.516792,3.522,161786
star_hub,1024,1,0,16,0,2,1025,1024,1024,0.0,0.0,0.0,3.552713678800501e-15,2.220446049250313e-16,True,0.049875,0.076959,2.735833,2.862667,0.087667,2.792291,0.589417,3.469375,161786
star_hub,1024,1,1,16,0,2,1025,1024,1024,0.0,0.0,0.0,3.552713678800501e-15,2.220446049250313e-16,True,0.053917,0.088875,2.705833,2.848625,0.0745,2.798958,0.578667,3.452125,161786
star_hub,1024,1,2,16,0,2,1025,1024,1024,0.0,0.0,0.0,3.552713678800501e-15,2.220446049250313e-16,True,0.049334,0.072958,2.623833,2.746125,0.138833,3.055875,0.495708,3.690416,161786
star_hub,1024,1,3,16,0,2,1025,1024,1024,0.0,0.0,0.0,3.552713678800501e-15,2.220446049250313e-16,True,0.042917,0.077417,3.074125,3.194459,0.096708,2.721625,0.519333,3.337666,161786
star_hub,1024,1,4,16,0,2,1025,1024,1024,0.0,0.0,0.0,3.552713678800501e-15,2.220446049250313e-16,True,0.049417,0.075417,2.763416,2.88825,0.097,3.023417,0.551083,3.6715,161786
ring_control,1024,2,0,16,0,2,4,3,1025,0.0,1.1102230246251565e-16,0.0,3.552713678800501e-15,1.1102230246251565e-16,True,0.056625,0.077583,0.024083,0.158291,0.067042,2.795708,0.517458,3.380208,161796
ring_control,1024,2,1,16,0,2,4,3,1025,0.0,1.1102230246251565e-16,0.0,3.552713678800501e-15,1.1102230246251565e-16,True,0.046083,0.07175,0.023833,0.141666,0.14275,2.655542,0.500833,3.299125,161796
ring_control,1024,2,2,16,0,2,4,3,1025,0.0,1.1102230246251565e-16,0.0,3.552713678800501e-15,1.1102230246251565e-16,True,0.044958,0.076625,0.02075,0.142333,0.068583,2.934292,0.641917,3.644792,161796
ring_control,1024,2,3,16,0,2,4,3,1025,0.0,1.1102230246251565e-16,0.0,3.552713678800501e-15,1.1102230246251565e-16,True,0.049375,0.079166,0.031709,0.16025,0.151834,2.723125,0.571125,3.446084,161796
ring_control,1024,2,4,16,0,2,4,3,1025,0.0,1.1102230246251565e-16,0.0,3.552713678800501e-15,1.1102230246251565e-16,True,0.047916,0.085875,0.023542,0.157333,0.070625,2.769667,0.496083,3.336375,161796
ring_enemy,1024,2,0,16,512,513,1026,514,1025,0.0,1.1102230246251565e-16,0.0,3.552713678800501e-15,1.6653345369377348e-16,True,0.05825,0.077709,3.17575,3.311709,0.074834,2.805291,0.619667,3.499792,161796
ring_enemy,1024,2,1,16,512,513,1026,514,1025,0.0,1.1102230246251565e-16,0.0,3.552713678800501e-15,1.6653345369377348e-16,True,0.061917,0.074958,3.016084,3.152959,0.137792,2.951875,0.544208,3.633875,161796
ring_enemy,1024,2,2,16,512,513,1026,514,1025,0.0,1.1102230246251565e-16,0.0,3.552713678800501e-15,1.6653345369377348e-16,True,0.057292,0.085625,3.436208,3.579125,0.097875,2.808417,0.549,3.455292,161796
ring_enemy,1024,2,3,16,512,513,1026,514,1025,0.0,1.1102230246251565e-16,0.0,3.552713678800501e-15,1.6653345369377348e-16,True,0.060791,0.088667,3.403167,3.552625,0.106834,2.720541,0.5205,3.347875,161796
ring_enemy,1024,2,4,16,512,513,1026,514,1025,0.0,1.1102230246251565e-16,0.0,3.552713678800501e-15,1.6653345369377348e-16,True,0.059125,0.086583,3.241542,3.38725,0.108,2.811375,0.649833,3.569208,161796
star_leaf,1024,2,0,16,0,2,3,2,1024,0.0,1.1102230246251565e-16,0.0,3.552713678800501e-15,2.220446049250313e-16,True,0.044,0.07325,0.019834,0.137084,0.068958,2.748583,0.507334,3.324875,161786
star_leaf,1024,2,1,16,0,2,3,2,1024,0.0,1.1102230246251565e-16,0.0,3.552713678800501e-15,2.220446049250313e-16,True,0.044625,0.068,0.019875,0.1325,0.1135,2.626,0.474375,3.213875,161786
star_leaf,1024,2,2,16,0,2,3,2,1024,0.0,1.1102230246251565e-16,0.0,3.552713678800501e-15,2.220446049250313e-16,True,0.048084,0.08575,0.019625,0.153459,0.071125,2.840959,0.558125,3.470209,161786
star_leaf,1024,2,3,16,0,2,3,2,1024,0.0,1.1102230246251565e-16,0.0,3.552713678800501e-15,2.220446049250313e-16,True,0.049167,0.076542,0.022333,0.148042,0.111792,2.798333,0.512292,3.422417,161786
star_leaf,1024,2,4,16,0,2,3,2,1024,0.0,1.1102230246251565e-16,0.0,3.552713678800501e-15,2.220446049250313e-16,True,0.046625,0.083834,0.019166,0.149625,0.070833,2.729834,0.553416,3.354083,161786
star_hub,1024,2,0,16,0,2,1025,1024,1024,0.0,0.0,0.0,3.552713678800501e-15,2.220446049250313e-16,True,0.055917,0.086416,2.798042,2.940375,0.078709,2.771541,0.467917,3.318167,161786
star_hub,1024,2,1,16,0,2,1025,1024,1024,0.0,0.0,0.0,3.552713678800501e-15,2.220446049250313e-16,True,0.047792,0.074208,2.668417,2.790417,0.094791,2.907375,0.585084,3.58725,161786
star_hub,1024,2,2,16,0,2,1025,1024,1024,0.0,0.0,0.0,3.552713678800501e-15,2.220446049250313e-16,True,0.057292,0.100958,2.637833,2.796083,0.08075,3.057042,0.73125,3.869042,161786
star_hub,1024,2,3,16,0,2,1025,1024,1024,0.0,0.0,0.0,3.552713678800501e-15,2.220446049250313e-16,True,0.0475,0.074916,2.707667,2.830083,0.12125,2.741084,0.506583,3.368917,161786
star_hub,1024,2,4,16,0,2,1025,1024,1024,0.0,0.0,0.0,3.552713678800501e-15,2.220446049250313e-16,True,0.072042,0.089708,2.768958,2.930708,0.080458,2.667292,0.472875,3.220625,161786
ring_control,1024,3,0,16,0,2,4,3,1025,0.0,1.1102230246251565e-16,0.0,3.552713678800501e-15,1.1102230246251565e-16,True,0.062083,0.079084,0.025291,0.166458,0.109584,2.872041,0.640625,3.62225,161796
ring_control,1024,3,1,16,0,2,4,3,1025,0.0,1.1102230246251565e-16,0.0,3.552713678800501e-15,1.1102230246251565e-16,True,0.076584,0.110625,0.022083,0.209292,0.070958,2.720625,0.496167,3.28775,161796
ring_control,1024,3,2,16,0,2,4,3,1025,0.0,1.1102230246251565e-16,0.0,3.552713678800501e-15,1.1102230246251565e-16,True,0.049375,0.074292,0.024916,0.148583,0.111541,2.703834,0.521416,3.336791,161796
ring_control,1024,3,3,16,0,2,4,3,1025,0.0,1.1102230246251565e-16,0.0,3.552713678800501e-15,1.1102230246251565e-16,True,0.050833,0.079375,0.021417,0.151625,0.068375,2.864208,0.548458,3.481041,161796
ring_control,1024,3,4,16,0,2,4,3,1025,0.0,1.1102230246251565e-16,0.0,3.552713678800501e-15,1.1102230246251565e-16,True,0.047542,0.072792,0.024416,0.14475,0.114417,2.832416,0.489459,3.436292,161796
ring_enemy,1024,3,0,16,512,513,1026,514,1025,0.0,0.0,0.0,3.552713678800501e-15,2.220446049250313e-16,True,0.057,0.074666,3.137625,3.269291,0.081083,2.87,0.574833,3.525916,161796
ring_enemy,1024,3,1,16,512,513,1026,514,1025,0.0,0.0,0.0,3.552713678800501e-15,2.220446049250313e-16,True,0.057959,0.085625,3.095125,3.238709,0.074292,2.776708,0.49925,3.35025,161796
ring_enemy,1024,3,2,16,512,513,1026,514,1025,0.0,0.0,0.0,3.552713678800501e-15,2.220446049250313e-16,True,0.055583,0.072333,3.228459,3.356375,0.095084,2.746125,0.519166,3.360375,161796
ring_enemy,1024,3,3,16,512,513,1026,514,1025,0.0,0.0,0.0,3.552713678800501e-15,2.220446049250313e-16,True,0.056459,0.087291,3.206875,3.350625,0.077167,2.857125,0.600458,3.53475,161796
ring_enemy,1024,3,4,16,512,513,1026,514,1025,0.0,0.0,0.0,3.552713678800501e-15,2.220446049250313e-16,True,0.066667,0.104458,3.027875,3.199,0.094375,2.966458,0.612209,3.673042,161796
star_leaf,1024,3,0,16,0,2,3,2,1024,0.0,2.220446049250313e-16,0.0,3.552713678800501e-15,2.220446049250313e-16,True,0.045083,0.069542,0.021875,0.1365,0.091166,2.480292,0.456208,3.027666,161786
star_leaf,1024,3,1,16,0,2,3,2,1024,0.0,2.220446049250313e-16,0.0,3.552713678800501e-15,2.220446049250313e-16,True,0.044333,0.08275,0.019084,0.146167,0.071042,2.967791,0.593,3.631833,161786
star_leaf,1024,3,2,16,0,2,3,2,1024,0.0,2.220446049250313e-16,0.0,3.552713678800501e-15,2.220446049250313e-16,True,0.057291,0.084292,0.024292,0.165875,0.125833,2.760125,0.5545,3.440458,161786
star_leaf,1024,3,3,16,0,2,3,2,1024,0.0,2.220446049250313e-16,0.0,3.552713678800501e-15,2.220446049250313e-16,True,0.051666,0.08875,0.018917,0.159333,0.072792,2.780041,0.607834,3.460667,161786
star_leaf,1024,3,4,16,0,2,3,2,1024,0.0,2.220446049250313e-16,0.0,3.552713678800501e-15,2.220446049250313e-16,True,0.045542,0.073958,0.020792,0.140292,0.095583,2.956333,0.5215,3.573416,161786
star_hub,1024,3,0,16,0,2,1025,1024,1024,0.0,0.0,0.0,3.552713678800501e-15,2.220446049250313e-16,True,0.058875,0.094083,2.873625,3.026583,0.088,2.564667,0.544541,3.197208,161786
star_hub,1024,3,1,16,0,2,1025,1024,1024,0.0,0.0,0.0,3.552713678800501e-15,2.220446049250313e-16,True,0.054167,0.103958,2.609833,2.767958,0.075875,2.8455,0.557458,3.478833,161786
star_hub,1024,3,2,16,0,2,1025,1024,1024,0.0,0.0,0.0,3.552713678800501e-15,2.220446049250313e-16,True,0.047875,0.073875,2.718542,2.840292,0.1195,2.872083,0.51025,3.501833,161786
star_hub,1024,3,3,16,0,2,1025,1024,1024,0.0,0.0,0.0,3.552713678800501e-15,2.220446049250313e-16,True,0.058375,0.094709,2.646458,2.799542,0.070541,2.802875,0.523042,3.396458,161786
star_hub,1024,3,4,16,0,2,1025,1024,1024,0.0,0.0,0.0,3.552713678800501e-15,2.220446049250313e-16,True,0.046333,0.072,2.839208,2.957541,0.104834,2.867333,0.593875,3.566042,161786
ring_control,1024,4,0,16,0,2,4,3,1025,0.0,1.1102230246251565e-16,0.0,3.552713678800501e-15,1.1102230246251565e-16,True,0.054,0.09375,0.02275,0.1705,0.078208,2.814625,0.487417,3.38025,161796
ring_control,1024,4,1,16,0,2,4,3,1025,0.0,1.1102230246251565e-16,0.0,3.552713678800501e-15,1.1102230246251565e-16,True,0.045083,0.069334,0.022708,0.137125,0.10925,2.670084,0.508291,3.287625,161796
ring_control,1024,4,2,16,0,2,4,3,1025,0.0,1.1102230246251565e-16,0.0,3.552713678800501e-15,1.1102230246251565e-16,True,0.049167,0.086708,0.023667,0.159542,0.071375,2.843417,0.559792,3.474584,161796
ring_control,1024,4,3,16,0,2,4,3,1025,0.0,1.1102230246251565e-16,0.0,3.552713678800501e-15,1.1102230246251565e-16,True,0.053458,0.094833,0.035125,0.183416,0.131709,2.923833,0.558167,3.613709,161796
ring_control,1024,4,4,16,0,2,4,3,1025,0.0,1.1102230246251565e-16,0.0,3.552713678800501e-15,1.1102230246251565e-16,True,0.046417,0.08125,0.021417,0.149084,0.067542,2.661,0.512125,3.240667,161796
ring_enemy,1024,4,0,16,512,513,1026,514,1025,0.0,1.1102230246251565e-16,0.0,3.552713678800501e-15,2.220446049250313e-16,True,0.061792,0.101792,3.397875,3.561459,0.108667,2.680333,0.529958,3.318958,161796
ring_enemy,1024,4,1,16,512,513,1026,514,1025,0.0,1.1102230246251565e-16,0.0,3.552713678800501e-15,2.220446049250313e-16,True,0.062,0.090125,3.067667,3.219792,0.127292,3.128791,0.56025,3.816333,161796
ring_enemy,1024,4,2,16,512,513,1026,514,1025,0.0,1.1102230246251565e-16,0.0,3.552713678800501e-15,2.220446049250313e-16,True,0.056791,0.0895,3.170917,3.317208,0.093708,2.852875,0.543625,3.490208,161796
ring_enemy,1024,4,3,16,512,513,1026,514,1025,0.0,1.1102230246251565e-16,0.0,3.552713678800501e-15,2.220446049250313e-16,True,0.054334,0.071208,3.36975,3.495292,0.108667,2.705125,0.507208,3.321,161796
ring_enemy,1024,4,4,16,512,513,1026,514,1025,0.0,1.1102230246251565e-16,0.0,3.552713678800501e-15,2.220446049250313e-16,True,0.055291,0.087375,3.2265,3.369166,0.079292,2.8725,0.513791,3.465583,161796
star_leaf,1024,4,0,16,0,2,3,2,1024,0.0,1.1102230246251565e-16,0.0,3.552713678800501e-15,2.220446049250313e-16,True,0.042417,0.073542,0.018041,0.134,0.075416,2.711834,0.566458,3.353708,161786
star_leaf,1024,4,1,16,0,2,3,2,1024,0.0,1.1102230246251565e-16,0.0,3.552713678800501e-15,2.220446049250313e-16,True,0.05825,0.095375,0.032792,0.186417,0.129667,2.843416,0.56,3.533083,161786
star_leaf,1024,4,2,16,0,2,3,2,1024,0.0,1.1102230246251565e-16,0.0,3.552713678800501e-15,2.220446049250313e-16,True,0.046459,0.089375,0.019208,0.155042,0.071666,2.630375,0.479125,3.181166,161786
star_leaf,1024,4,3,16,0,2,3,2,1024,0.0,1.1102230246251565e-16,0.0,3.552713678800501e-15,2.220446049250313e-16,True,0.054291,0.084334,0.020375,0.159,0.09025,2.829875,0.579834,3.499959,161786
star_leaf,1024,4,4,16,0,2,3,2,1024,0.0,1.1102230246251565e-16,0.0,3.552713678800501e-15,2.220446049250313e-16,True,0.05975,0.1075,0.027541,0.194791,0.067584,2.739125,0.530083,3.336792,161786
star_hub,1024,4,0,16,0,2,1025,1024,1024,0.0,0.0,0.0,3.552713678800501e-15,2.220446049250313e-16,True,0.050209,0.073958,2.812,2.936167,0.080584,2.733833,0.508125,3.322542,161786
star_hub,1024,4,1,16,0,2,1025,1024,1024,0.0,0.0,0.0,3.552713678800501e-15,2.220446049250313e-16,True,0.059917,0.096291,2.879417,3.035625,0.108542,2.654125,0.55725,3.319917,161786
star_hub,1024,4,2,16,0,2,1025,1024,1024,0.0,0.0,0.0,3.552713678800501e-15,2.220446049250313e-16,True,0.061542,0.112375,2.705875,2.879792,0.087125,2.771417,0.559666,3.418208,161786
star_hub,1024,4,3,16,0,2,1025,1024,1024,0.0,0.0,0.0,3.552713678800501e-15,2.220446049250313e-16,True,0.049333,0.073375,2.7155,2.838208,0.110208,2.915792,0.522958,3.548958,161786
star_hub,1024,4,4,16,0,2,1025,1024,1024,0.0,0.0,0.0,3.552713678800501e-15,2.220446049250313e-16,True,0.042625,0.075708,2.670625,2.788958,0.089417,3.005667,0.534375,3.629459,161786
ring_control,2048,0,0,16,0,2,4,3,2049,0.0,1.1102230246251565e-16,0.0,3.552713678800501e-15,1.1102230246251565e-16,True,0.07925,0.116625,0.028625,0.2245,0.078667,13.485375,1.130042,14.694084,323588
ring_control,2048,0,1,16,0,2,4,3,2049,0.0,1.1102230246251565e-16,0.0,3.552713678800501e-15,1.1102230246251565e-16,True,0.084541,0.0995,0.02925,0.213291,0.113375,13.968792,1.340625,15.422792,323588
ring_control,2048,0,2,16,0,2,4,3,2049,0.0,1.1102230246251565e-16,0.0,3.552713678800501e-15,1.1102230246251565e-16,True,0.090084,0.099833,0.024375,0.214292,0.079083,13.983583,1.180834,15.2435,323588
ring_control,2048,0,3,16,0,2,4,3,2049,0.0,1.1102230246251565e-16,0.0,3.552713678800501e-15,1.1102230246251565e-16,True,0.069125,0.090417,0.02675,0.186292,0.154709,13.473416,1.205584,14.833709,323588
ring_control,2048,0,4,16,0,2,4,3,2049,0.0,1.1102230246251565e-16,0.0,3.552713678800501e-15,1.1102230246251565e-16,True,0.072416,0.110375,0.025584,0.208375,0.08075,13.855209,1.223333,15.159292,323588
ring_enemy,2048,0,0,16,1024,1025,2050,1026,2049,0.0,1.1102230246251565e-16,0.0,3.552713678800501e-15,1.6653345369377348e-16,True,0.096542,0.107292,6.550333,6.754167,0.118083,14.075708,1.185584,15.379375,323588
ring_enemy,2048,0,1,16,1024,1025,2050,1026,2049,0.0,1.1102230246251565e-16,0.0,3.552713678800501e-15,1.6653345369377348e-16,True,0.090666,0.090584,6.320833,6.502083,0.148333,15.171875,1.296167,16.616375,323588
ring_enemy,2048,0,2,16,1024,1025,2050,1026,2049,0.0,1.1102230246251565e-16,0.0,3.552713678800501e-15,1.6653345369377348e-16,True,0.081875,0.096834,6.391583,6.570292,0.085958,13.966334,1.133125,15.185417,323588
ring_enemy,2048,0,3,16,1024,1025,2050,1026,2049,0.0,1.1102230246251565e-16,0.0,3.552713678800501e-15,1.6653345369377348e-16,True,0.089875,0.111166,6.63975,6.840791,0.144167,14.201041,1.212542,15.55775,323588
ring_enemy,2048,0,4,16,1024,1025,2050,1026,2049,0.0,1.1102230246251565e-16,0.0,3.552713678800501e-15,1.6653345369377348e-16,True,0.088417,0.107333,6.557875,6.753625,0.151375,13.80625,1.215416,15.173041,323588
star_leaf,2048,0,0,16,0,2,3,2,2048,0.0,1.1102230246251565e-16,0.0,3.552713678800501e-15,2.220446049250313e-16,True,0.088209,0.124625,0.02675,0.239584,0.087,14.583042,1.183416,15.853458,323578
star_leaf,2048,0,1,16,0,2,3,2,2048,0.0,1.1102230246251565e-16,0.0,3.552713678800501e-15,2.220446049250313e-16,True,0.077625,0.095708,0.022875,0.196208,0.132917,15.864667,1.235041,17.232625,323578
star_leaf,2048,0,2,16,0,2,3,2,2048,0.0,1.1102230246251565e-16,0.0,3.552713678800501e-15,2.220446049250313e-16,True,0.068125,0.100208,0.020334,0.188667,0.078959,13.577375,1.201708,14.858042,323578
star_leaf,2048,0,3,16,0,2,3,2,2048,0.0,1.1102230246251565e-16,0.0,3.552713678800501e-15,2.220446049250313e-16,True,0.072625,0.100875,0.026666,0.200166,0.140958,14.608625,1.156417,15.906,323578
star_leaf,2048,0,4,16,0,2,3,2,2048,0.0,1.1102230246251565e-16,0.0,3.552713678800501e-15,2.220446049250313e-16,True,0.069167,0.096167,0.02075,0.186084,0.084791,14.588917,1.113583,15.787291,323578
star_hub,2048,0,0,16,0,2,2049,2048,2048,0.0,0.0,0.0,3.552713678800501e-15,2.220446049250313e-16,True,0.067583,0.094167,5.50975,5.6715,0.102959,13.519458,1.241125,14.863542,323578
star_hub,2048,0,1,16,0,2,2049,2048,2048,0.0,0.0,0.0,3.552713678800501e-15,2.220446049250313e-16,True,0.088458,0.103083,5.703959,5.8955,0.156084,14.015208,1.170042,15.341334,323578
star_hub,2048,0,2,16,0,2,2049,2048,2048,0.0,0.0,0.0,3.552713678800501e-15,2.220446049250313e-16,True,0.076,0.111042,5.581083,5.768125,0.101417,13.6665,1.199667,14.967584,323578
star_hub,2048,0,3,16,0,2,2049,2048,2048,0.0,0.0,0.0,3.552713678800501e-15,2.220446049250313e-16,True,0.069667,0.088958,5.459167,5.617792,0.12225,14.564541,1.116042,15.802833,323578
star_hub,2048,0,4,16,0,2,2049,2048,2048,0.0,0.0,0.0,3.552713678800501e-15,2.220446049250313e-16,True,0.091042,0.120625,5.547041,5.758708,0.098625,14.076333,1.102042,15.277,323578
ring_control,2048,1,0,16,0,2,4,3,2049,0.0,1.1102230246251565e-16,0.0,3.552713678800501e-15,1.1102230246251565e-16,True,0.075292,0.107917,0.034291,0.2175,0.114292,13.40425,1.215375,14.733917,323588
ring_control,2048,1,1,16,0,2,4,3,2049,0.0,1.1102230246251565e-16,0.0,3.552713678800501e-15,1.1102230246251565e-16,True,0.074459,0.1195,0.024166,0.218125,0.077125,14.593292,1.178875,15.849292,323588
ring_control,2048,1,2,16,0,2,4,3,2049,0.0,1.1102230246251565e-16,0.0,3.552713678800501e-15,1.1102230246251565e-16,True,0.0705,0.087292,0.02625,0.184042,0.143625,13.905958,1.153375,15.202958,323588
ring_control,2048,1,3,16,0,2,4,3,2049,0.0,1.1102230246251565e-16,0.0,3.552713678800501e-15,1.1102230246251565e-16,True,0.071417,0.101583,0.023542,0.196542,0.076792,13.796458,1.344958,15.218208,323588
ring_control,2048,1,4,16,0,2,4,3,2049,0.0,1.1102230246251565e-16,0.0,3.552713678800501e-15,1.1102230246251565e-16,True,0.071583,0.086875,0.028958,0.187416,0.1395,14.309542,1.11675,15.565792,323588
ring_enemy,2048,1,0,16,1024,1025,2050,1026,2049,0.0,1.1102230246251565e-16,0.0,3.552713678800501e-15,2.220446049250313e-16,True,0.08475,0.083417,6.759917,6.928084,0.105583,14.801959,1.14225,16.049792,323588
ring_enemy,2048,1,1,16,1024,1025,2050,1026,2049,0.0,1.1102230246251565e-16,0.0,3.552713678800501e-15,2.220446049250313e-16,True,0.089958,0.112834,6.248958,6.45175,0.091,13.687416,1.272542,15.050958,323588
ring_enemy,2048,1,2,16,1024,1025,2050,1026,2049,0.0,1.1102230246251565e-16,0.0,3.552713678800501e-15,2.220446049250313e-16,True,0.08725,0.088542,6.625083,6.800875,0.146042,14.922458,1.193209,16.261709,323588
ring_enemy,2048,1,3,16,1024,1025,2050,1026,2049,0.0,1.1102230246251565e-16,0.0,3.552713678800501e-15,2.220446049250313e-16,True,0.089875,0.099209,6.557416,6.7465,0.105,14.692708,1.236417,16.034125,323588
ring_enemy,2048,1,4,16,1024,1025,2050,1026,2049,0.0,1.1102230246251565e-16,0.0,3.552713678800501e-15,2.220446049250313e-16,True,0.1185,0.125125,6.588584,6.832209,0.142458,14.128375,1.259917,15.53075,323588
star_leaf,2048,1,0,16,0,2,3,2,2048,0.0,1.1102230246251565e-16,0.0,3.552713678800501e-15,2.220446049250313e-16,True,0.070375,0.08125,0.0225,0.174125,0.109542,14.293792,1.059208,15.462542,323578
star_leaf,2048,1,1,16,0,2,3,2,2048,0.0,1.1102230246251565e-16,0.0,3.552713678800501e-15,2.220446049250313e-16,True,0.076916,0.120292,0.023333,0.220541,0.083334,14.612958,1.252125,15.948417,323578
star_leaf,2048,1,2,16,0,2,3,2,2048,0.0,1.1102230246251565e-16,0.0,3.552713678800501e-15,2.220446049250313e-16,True,0.083208,0.104042,0.027041,0.214291,0.141458,13.712208,1.2335,15.087166,323578
star_leaf,2048,1,3,16,0,2,3,2,2048,0.0,1.1102230246251565e-16,0.0,3.552713678800501e-15,2.220446049250313e-16,True,0.083792,0.102291,0.020584,0.206667,0.080416,14.763834,1.301208,16.145458,323578
star_leaf,2048,1,4,16,0,2,3,2,2048,0.0,1.1102230246251565e-16,0.0,3.552713678800501e-15,2.220446049250313e-16,True,0.076125,0.103708,0.023833,0.203666,0.12425,14.47625,1.128833,15.729333,323578
star_hub,2048,1,0,16,0,2,2049,2048,2048,0.0,0.0,0.0,3.552713678800501e-15,2.220446049250313e-16,True,0.071333,0.088417,5.693875,5.853625,0.112833,14.059084,1.148958,15.320875,323578
star_hub,2048,1,1,16,0,2,2049,2048,2048,0.0,0.0,0.0,3.552713678800501e-15,2.220446049250313e-16,True,0.073208,0.104584,5.612791,5.790583,0.115166,13.675709,1.230458,15.021333,323578
star_hub,2048,1,2,16,0,2,2049,2048,2048,0.0,0.0,0.0,3.552713678800501e-15,2.220446049250313e-16,True,0.075083,0.098375,5.535209,5.708667,0.133208,14.220375,1.245292,15.598875,323578
star_hub,2048,1,3,16,0,2,2049,2048,2048,0.0,0.0,0.0,3.552713678800501e-15,2.220446049250313e-16,True,0.070792,0.103583,5.707,5.881375,0.096667,13.845083,1.088292,15.030042,323578
star_hub,2048,1,4,16,0,2,2049,2048,2048,0.0,0.0,0.0,3.552713678800501e-15,2.220446049250313e-16,True,0.069208,0.091125,5.619209,5.779542,0.136125,14.240792,1.106541,15.483458,323578
ring_control,2048,2,0,16,0,2,4,3,2049,0.0,1.1102230246251565e-16,0.0,3.552713678800501e-15,1.1102230246251565e-16,True,0.070125,0.090333,0.025792,0.18625,0.077833,14.420625,1.139917,15.638375,323588
ring_control,2048,2,1,16,0,2,4,3,2049,0.0,1.1102230246251565e-16,0.0,3.552713678800501e-15,1.1102230246251565e-16,True,0.074625,0.111458,0.042459,0.228542,0.122166,14.032625,1.271625,15.426416,323588
ring_control,2048,2,2,16,0,2,4,3,2049,0.0,1.1102230246251565e-16,0.0,3.552713678800501e-15,1.1102230246251565e-16,True,0.073875,0.111875,0.025167,0.210917,0.086875,14.608375,1.229625,15.924875,323588
ring_control,2048,2,3,16,0,2,4,3,2049,0.0,1.1102230246251565e-16,0.0,3.552713678800501e-15,1.1102230246251565e-16,True,0.075041,0.092209,0.028458,0.195708,0.121167,14.552666,1.367084,16.040917,323588
ring_control,2048,2,4,16,0,2,4,3,2049,0.0,1.1102230246251565e-16,0.0,3.552713678800501e-15,1.1102230246251565e-16,True,0.073167,0.113541,0.024417,0.211125,0.079209,14.266833,1.213167,15.559209,323588
ring_enemy,2048,2,0,16,1024,1025,2050,1026,2049,0.0,1.1102230246251565e-16,0.0,3.552713678800501e-15,1.6653345369377348e-16,True,0.08675,0.09275,6.51925,6.69875,0.103667,14.526625,1.470375,16.100667,323588
ring_enemy,2048,2,1,16,1024,1025,2050,1026,2049,0.0,1.1102230246251565e-16,0.0,3.552713678800501e-15,1.6653345369377348e-16,True,0.090833,0.112542,6.575542,6.778917,0.134667,14.534791,1.112834,15.782292,323588
ring_enemy,2048,2,2,16,1024,1025,2050,1026,2049,0.0,1.1102230246251565e-16,0.0,3.552713678800501e-15,1.6653345369377348e-16,True,0.110625,0.12925,6.646417,6.886292,0.10325,14.686666,1.168417,15.958333,323588
ring_enemy,2048,2,3,16,1024,1025,2050,1026,2049,0.0,1.1102230246251565e-16,0.0,3.552713678800501e-15,1.6653345369377348e-16,True,0.087583,0.090917,6.662167,6.840667,0.129917,14.98725,1.16575,16.282917,323588
ring_enemy,2048,2,4,16,1024,1025,2050,1026,2049,0.0,1.1102230246251565e-16,0.0,3.552713678800501e-15,1.6653345369377348e-16,True,0.086416,0.105917,6.401792,6.594125,0.117375,13.71925,1.273958,15.110583,323588
star_leaf,2048,2,0,16,0,2,3,2,2048,0.0,2.220446049250313e-16,0.0,3.552713678800501e-15,2.220446049250313e-16,True,0.079333,0.113167,0.022792,0.215292,0.080167,13.942,1.085792,15.107959,323578
star_leaf,2048,2,1,16,0,2,3,2,2048,0.0,2.220446049250313e-16,0.0,3.552713678800501e-15,2.220446049250313e-16,True,0.075334,0.092958,0.025208,0.1935,0.12925,13.873875,1.232334,15.235459,323578
star_leaf,2048,2,2,16,0,2,3,2,2048,0.0,2.220446049250313e-16,0.0,3.552713678800501e-15,2.220446049250313e-16,True,0.084625,0.12,0.022583,0.227208,0.0835,14.280833,1.11625,15.480583,323578
star_leaf,2048,2,3,16,0,2,3,2,2048,0.0,2.220446049250313e-16,0.0,3.552713678800501e-15,2.220446049250313e-16,True,0.078375,0.117083,0.031375,0.226833,0.130375,13.815042,1.255416,15.200833,323578
star_leaf,2048,2,4,16,0,2,3,2,2048,0.0,2.220446049250313e-16,0.0,3.552713678800501e-15,2.220446049250313e-16,True,0.065584,0.093875,0.018916,0.178375,0.079292,14.133083,1.147667,15.360042,323578
star_hub,2048,2,0,16,0,2,2049,2048,2048,0.0,0.0,0.0,3.552713678800501e-15,2.220446049250313e-16,True,0.0825,0.101667,5.971583,6.15575,0.159125,13.649458,1.228083,15.036666,323578
star_hub,2048,2,1,16,0,2,2049,2048,2048,0.0,0.0,0.0,3.552713678800501e-15,2.220446049250313e-16,True,0.07425,0.095166,5.713417,5.882833,0.131875,14.782834,1.158708,16.073417,323578
star_hub,2048,2,2,16,0,2,2049,2048,2048,0.0,0.0,0.0,3.552713678800501e-15,2.220446049250313e-16,True,0.074125,0.113708,5.639584,5.827417,0.115292,14.623875,1.075125,15.814292,323578
star_hub,2048,2,3,16,0,2,2049,2048,2048,0.0,0.0,0.0,3.552713678800501e-15,2.220446049250313e-16,True,0.069292,0.090416,5.762334,5.922042,0.140708,14.721084,1.090708,15.9525,323578
star_hub,2048,2,4,16,0,2,2049,2048,2048,0.0,0.0,0.0,3.552713678800501e-15,2.220446049250313e-16,True,0.072708,0.103375,5.431542,5.607625,0.085417,14.314416,1.098125,15.497958,323578
ring_control,2048,3,0,16,0,2,4,3,2049,0.0,1.1102230246251565e-16,0.0,3.552713678800501e-15,1.1102230246251565e-16,True,0.070125,0.086875,0.02675,0.18375,0.120791,14.267542,1.118542,15.506875,323588
ring_control,2048,3,1,16,0,2,4,3,2049,0.0,1.1102230246251565e-16,0.0,3.552713678800501e-15,1.1102230246251565e-16,True,0.081,0.12575,0.028084,0.234834,0.085292,14.936083,1.124959,16.146334,323588
ring_control,2048,3,2,16,0,2,4,3,2049,0.0,1.1102230246251565e-16,0.0,3.552713678800501e-15,1.1102230246251565e-16,True,0.072542,0.096583,0.02925,0.198375,0.144625,14.681375,1.158291,15.984291,323588
ring_control,2048,3,3,16,0,2,4,3,2049,0.0,1.1102230246251565e-16,0.0,3.552713678800501e-15,1.1102230246251565e-16,True,0.075542,0.112708,0.025834,0.214084,0.07975,14.702417,1.172958,15.955125,323588
ring_control,2048,3,4,16,0,2,4,3,2049,0.0,1.1102230246251565e-16,0.0,3.552713678800501e-15,1.1102230246251565e-16,True,0.071625,0.086417,0.027583,0.185625,0.139417,15.079375,1.137666,16.356458,323588
ring_enemy,2048,3,0,16,1024,1025,2050,1026,2049,0.0,1.1102230246251565e-16,0.0,3.552713678800501e-15,2.220446049250313e-16,True,0.090125,0.087042,6.878917,7.056084,0.12275,15.000417,1.145333,16.2685,323588
ring_enemy,2048,3,1,16,1024,1025,2050,1026,2049,0.0,1.1102230246251565e-16,0.0,3.552713678800501e-15,2.220446049250313e-16,True,0.104167,0.119916,6.6035,6.827583,0.114667,13.256625,1.144417,14.515709,323588
ring_enemy,2048,3,2,16,1024,1025,2050,1026,2049,0.0,1.1102230246251565e-16,0.0,3.552713678800501e-15,2.220446049250313e-16,True,0.091958,0.116292,6.452167,6.660417,0.116125,14.465375,1.192167,15.773667,323588
ring_enemy,2048,3,3,16,1024,1025,2050,1026,2049,0.0,1.1102230246251565e-16,0.0,3.552713678800501e-15,2.220446049250313e-16,True,0.083166,0.095417,6.43075,6.609333,0.103792,13.683541,1.299542,15.086875,323588
ring_enemy,2048,3,4,16,1024,1025,2050,1026,2049,0.0,1.1102230246251565e-16,0.0,3.552713678800501e-15,2.220446049250313e-16,True,0.085458,0.087292,6.634625,6.807375,0.129042,14.491208,1.148958,15.769208,323588
star_leaf,2048,3,0,16,0,2,3,2,2048,0.0,2.220446049250313e-16,0.0,3.552713678800501e-15,2.220446049250313e-16,True,0.078083,0.083334,0.02175,0.183167,0.105333,14.406583,1.076042,15.587958,323578
star_leaf,2048,3,1,16,0,2,3,2,2048,0.0,2.220446049250313e-16,0.0,3.552713678800501e-15,2.220446049250313e-16,True,0.074792,0.115458,0.022875,0.213125,0.080375,14.465583,1.166917,15.712875,323578
star_leaf,2048,3,2,16,0,2,3,2,2048,0.0,2.220446049250313e-16,0.0,3.552713678800501e-15,2.220446049250313e-16,True,0.078791,0.091834,0.021916,0.192541,0.141708,14.313,1.217083,15.671791,323578
star_leaf,2048,3,3,16,0,2,3,2,2048,0.0,2.220446049250313e-16,0.0,3.552713678800501e-15,2.220446049250313e-16,True,0.071541,0.113542,0.027667,0.21275,0.08475,13.345709,1.242541,14.673,323578
star_leaf,2048,3,4,16,0,2,3,2,2048,0.0,2.220446049250313e-16,0.0,3.552713678800501e-15,2.220446049250313e-16,True,0.075917,0.095458,0.027375,0.19875,0.136,13.861,1.162542,15.159542,323578
star_hub,2048,3,0,16,0,2,2049,2048,2048,0.0,0.0,0.0,3.552713678800501e-15,2.220446049250313e-16,True,0.072125,0.09075,5.972334,6.135209,0.115542,13.59475,1.075791,14.786083,323578
star_hub,2048,3,1,16,0,2,2049,2048,2048,0.0,0.0,0.0,3.552713678800501e-15,2.220446049250313e-16,True,0.064458,0.092125,5.671708,5.828291,0.119666,13.987417,1.172792,15.279875,323578
star_hub,2048,3,2,16,0,2,2049,2048,2048,0.0,0.0,0.0,3.552713678800501e-15,2.220446049250313e-16,True,0.073292,0.091541,5.527292,5.692125,0.153958,13.682959,1.26625,15.103167,323578
star_hub,2048,3,3,16,0,2,2049,2048,2048,0.0,0.0,0.0,3.552713678800501e-15,2.220446049250313e-16,True,0.067833,0.099458,5.679417,5.846708,0.127167,14.596458,1.125667,15.849292,323578
star_hub,2048,3,4,16,0,2,2049,2048,2048,0.0,0.0,0.0,3.552713678800501e-15,2.220446049250313e-16,True,0.091958,0.102292,5.749833,5.944083,0.126208,13.549,1.270167,14.945375,323578
ring_control,2048,4,0,16,0,2,4,3,2049,0.0,1.1102230246251565e-16,0.0,3.552713678800501e-15,1.1102230246251565e-16,True,0.089,0.091208,0.025584,0.205792,0.0765,13.768375,1.195333,15.040208,323588
ring_control,2048,4,1,16,0,2,4,3,2049,0.0,1.1102230246251565e-16,0.0,3.552713678800501e-15,1.1102230246251565e-16,True,0.083958,0.104042,0.028375,0.216375,0.156709,13.70425,1.161291,15.02225,323588
ring_control,2048,4,2,16,0,2,4,3,2049,0.0,1.1102230246251565e-16,0.0,3.552713678800501e-15,1.1102230246251565e-16,True,0.0735,0.09875,0.025417,0.197667,0.100333,14.130709,1.324333,15.555375,323588
ring_control,2048,4,3,16,0,2,4,3,2049,0.0,1.1102230246251565e-16,0.0,3.552713678800501e-15,1.1102230246251565e-16,True,0.072458,0.096625,0.028958,0.198041,0.137292,14.349167,1.224875,15.711334,323588
ring_control,2048,4,4,16,0,2,4,3,2049,0.0,1.1102230246251565e-16,0.0,3.552713678800501e-15,1.1102230246251565e-16,True,0.07225,0.098125,0.023416,0.193791,0.077958,13.377667,1.244041,14.699666,323588
ring_enemy,2048,4,0,16,1024,1025,2050,1026,2049,0.0,0.0,0.0,3.552713678800501e-15,2.220446049250313e-16,True,0.117333,0.119292,6.566666,6.803291,0.087667,14.00875,1.181541,15.277958,323588
ring_enemy,2048,4,1,16,1024,1025,2050,1026,2049,0.0,0.0,0.0,3.552713678800501e-15,2.220446049250313e-16,True,0.091583,0.0955,6.713833,6.900916,0.123625,14.409084,1.1225,15.655209,323588
ring_enemy,2048,4,2,16,1024,1025,2050,1026,2049,0.0,0.0,0.0,3.552713678800501e-15,2.220446049250313e-16,True,0.113625,0.129333,6.235084,6.478042,0.132,13.577917,1.215333,14.92525,323588
ring_enemy,2048,4,3,16,1024,1025,2050,1026,2049,0.0,0.0,0.0,3.552713678800501e-15,2.220446049250313e-16,True,0.092791,0.090584,6.638125,6.8215,0.138292,14.575083,1.259125,15.9725,323588
ring_enemy,2048,4,4,16,1024,1025,2050,1026,2049,0.0,0.0,0.0,3.552713678800501e-15,2.220446049250313e-16,True,0.080167,0.093,6.558042,6.731209,0.091583,14.635458,1.215375,15.942416,323588
star_leaf,2048,4,0,16,0,2,3,2,2048,0.0,2.220446049250313e-16,0.0,3.552713678800501e-15,2.220446049250313e-16,True,0.071125,0.09875,0.019791,0.189666,0.077917,14.313833,1.208167,15.599917,323578
star_leaf,2048,4,1,16,0,2,3,2,2048,0.0,2.220446049250313e-16,0.0,3.552713678800501e-15,2.220446049250313e-16,True,0.074,0.094541,0.032125,0.200666,0.183375,14.154333,1.148875,15.486583,323578
star_leaf,2048,4,2,16,0,2,3,2,2048,0.0,2.220446049250313e-16,0.0,3.552713678800501e-15,2.220446049250313e-16,True,0.0755,0.096958,0.01825,0.190708,0.078292,15.091042,1.101125,16.270459,323578
star_leaf,2048,4,3,16,0,2,3,2,2048,0.0,2.220446049250313e-16,0.0,3.552713678800501e-15,2.220446049250313e-16,True,0.068666,0.092667,0.023792,0.185125,0.132625,14.111917,1.100958,15.3455,323578
star_leaf,2048,4,4,16,0,2,3,2,2048,0.0,2.220446049250313e-16,0.0,3.552713678800501e-15,2.220446049250313e-16,True,0.080208,0.108417,0.0215,0.210125,0.079166,14.373875,1.1885,15.641541,323578
star_hub,2048,4,0,16,0,2,2049,2048,2048,0.0,0.0,0.0,3.552713678800501e-15,2.220446049250313e-16,True,0.090459,0.101,5.460125,5.651584,0.089583,15.651584,1.08975,16.830917,323578
star_hub,2048,4,1,16,0,2,2049,2048,2048,0.0,0.0,0.0,3.552713678800501e-15,2.220446049250313e-16,True,0.0735,0.097792,5.681708,5.853,0.136625,13.716167,1.184958,15.03775,323578
star_hub,2048,4,2,16,0,2,2049,2048,2048,0.0,0.0,0.0,3.552713678800501e-15,2.220446049250313e-16,True,0.071,0.1055,5.524917,5.701417,0.0985,14.060208,1.267375,15.426083,323578
star_hub,2048,4,3,16,0,2,2049,2048,2048,0.0,0.0,0.0,3.552713678800501e-15,2.220446049250313e-16,True,0.076584,0.098875,5.671375,5.846834,0.12075,14.266625,1.181708,15.569083,323578
star_hub,2048,4,4,16,0,2,2049,2048,2048,0.0,0.0,0.0,3.552713678800501e-15,2.220446049250313e-16,True,0.0925,0.145333,5.585334,5.823167,0.096584,14.422,1.273583,15.792167,323578
